split_no,accuracy_synthetic,avg_pr_macro_synthetic,accuracy_real,avg_pr_macro_real,feature_overlap_count,feature_overlap_proportion,MMD_score,discriminative_score,distance_to_closest,distance_to_closest_base
1,0.9676,0.9885,0.9792,0.9932,57.0,0.6706,0.0059201500647151,0.679135008766803,22.067,23.1698
4,0.9676,0.9863,0.9792,0.9927,57.0,0.6064,0.0061088024541654,0.711943793911007,22.1804,23.363
5,0.9803,0.9918,0.985,0.9956,57.0,0.6129,0.0053446436366858,0.7467737310008603,22.9049,23.2716
3,0.963,0.9823,0.9699,0.9843,59.0,0.6782,0.0064304366549601,0.6792016199016488,21.6179,23.3183
2,0.9699,0.9869,0.9757,0.9933,58.0,0.6591,0.0068550489283932,0.6956521739130435,21.7169,23.2381
average,0.96968,0.98716,0.9778,0.9918199999999999,57.6,0.64544,0.006131816347783921,0.7025412654986725,22.097419999999996,23.272159999999996
